<?xml version="1.0" encoding="utf-8"?>
<!--
  Copyright 2011-2014 Marvell Semiconductor, Inc.

  Licensed under the Apache License, Version 2.0 (the "License");
  you may not use this file except in compliance with the License.
  You may obtain a copy of the License at

      http://www.apache.org/licenses/LICENSE-2.0

  Unless required by applicable law or agreed to in writing, software
  distributed under the License is distributed on an "AS IS" BASIS,
  WITHOUT WARRANTIES OR CONDITIONS OF ANY KIND, either express or implied.
  See the License for the specific language governing permissions and
  limitations under the License.
-->
<module xmlns="http://www.kinoma.com/kpr/1">

	<require path="PinsSimulators" id="PinsSimulators"/>

	<function id="configure" params="configuration"><![CDATA[
		this.pinsSimulator = shell.delegate("addSimulatorPart", {
			header : { 
				label : "Digital rack Websockets Server", 
				name : "Digital Output", 
				iconVariant : PinsSimulators.SENSOR_starter 
			},
			axes : [
				new PinsSimulators.DigitalOutputAxisDescription(
					{
						valueLabel : "starter",
						valueID : "starterValue"
					}
				),
			]
		});
	]]></function>

	<function id="close"><![CDATA[
		shell.delegate("removeSimulatorPart", this.pinsSimulator);
	]]></function>

	<function id="turnOn"><![CDATA[
		this.setValue(1);				
	]]></function>

	<function id="turnOff"><![CDATA[
		this.setValue(0);				
	]]></function>

	<function id="setValue" params="value"><![CDATA[
		this.pinsSimulator.delegate("setValue", "starterValue", value);
	]]></function>
	
	
	<function id="TEST"><![CDATA[
		var RHData_H = 3, TData_H = 3;
		return{RHData: RHData_H, TData: TData_H};			
	]]></function>


	<script><![CDATA[
		exports.pins = {
			starter: { type: "Digital", direction: "output" }
		};
	]]></script>

</module>